{
  "assetsByChunkName": {
    "vendors~app-account~app-checkout~app-confirmation~app-order": "chunk.829b9368ac18ec39e134.js",
    "vendors~app-account~app-confirmation~app-order": "chunk.4b6af05811ba0c41f548.js",
    "vendors~app-account~app-checkout": "chunk.69ffef369d4dd84f11d8.js",
    "admin": [
      "admin.a6cf7f1056a9e92e929e.js",
      "admin.a6cf7f1056a9e92e929e.js.map"
    ],
    "app-account": "chunk.cbb83b2b8744c9aeda3c.js",
    "app-confirmation": "chunk.555c3ba6c5b7596b881f.js",
    "app-order": "chunk.44987870bdbe0875c08d.js",
    "checkout": [
      "checkout.4e473adbfc36a1165026.js",
      "checkout.4e473adbfc36a1165026.js.map"
    ],
    "storefront": [
      "storefront.8e1f4b5b2ec2387840b4.css",
      "storefront.19b04ad989112de3ad15.js",
      "storefront.8e1f4b5b2ec2387840b4.css.map",
      "storefront.19b04ad989112de3ad15.js.map"
    ],
    "vendors~app-cart": "chunk.de5773b6a043153df7c0.js",
    "vendors~app-checkout": "chunk.b8cfcbfbcb81048a6a85.js"
  }
}